{"openapi":"3.0.2","info":{"title":"Tercer Parcial - API REST. Ingeniería Web","description":"José Luis Bueno Pachón.","version":"1.0"},"paths":{"/viviendas":{"get":{"summary":"Get Houses","operationId":"get_houses","responses":{"200":{"description":"Successful Response","content":{"application/json":{"schema":{"title":"Response Get Houses","type":"array","items":{"$ref":"#/components/schemas/Vivienda"}}}}}}},"post":{"summary":"Create House","operationId":"new_house","requestBody":{"content":{"application/json":{"schema":{"$ref":"#/components/schemas/NewVivienda"}}},"required":true},"responses":{"200":{"description":"Successful Response","content":{"application/json":{"schema":{"$ref":"#/components/schemas/Vivienda"}}}},"422":{"description":"Validation Error","content":{"application/json":{"schema":{"$ref":"#/components/schemas/HTTPValidationError"}}}}}}},"/viviendas/{id}":{"get":{"summary":"Get House","operationId":"get_house_by_id","parameters":[{"required":true,"schema":{"title":"Id","type":"string"},"name":"id","in":"path"}],"responses":{"200":{"description":"Successful Response","content":{"application/json":{"schema":{"$ref":"#/components/schemas/Vivienda"}}}},"422":{"description":"Validation Error","content":{"application/json":{"schema":{"$ref":"#/components/schemas/HTTPValidationError"}}}}}},"put":{"summary":"Edit House","operationId":"edit_house","parameters":[{"required":true,"schema":{"title":"Id","type":"string"},"name":"id","in":"path"}],"requestBody":{"content":{"application/json":{"schema":{"$ref":"#/components/schemas/EditVivienda"}}},"required":true},"responses":{"200":{"description":"Successful Response","content":{"application/json":{"schema":{"$ref":"#/components/schemas/Vivienda"}}}},"422":{"description":"Validation Error","content":{"application/json":{"schema":{"$ref":"#/components/schemas/HTTPValidationError"}}}}}},"delete":{"summary":"Delete House","operationId":"delete_house","parameters":[{"required":true,"schema":{"title":"Id","type":"string"},"name":"id","in":"path"}],"responses":{"200":{"description":"Successful Response","content":{"application/json":{"schema":{}}}},"422":{"description":"Validation Error","content":{"application/json":{"schema":{"$ref":"#/components/schemas/HTTPValidationError"}}}}}}},"/auth":{"get":{"summary":"Auth","operationId":"auth_auth_get","responses":{"200":{"description":"Successful Response","content":{"application/json":{"schema":{}}}}},"security":[{"HTTPBearer":[]}]}}},"components":{"schemas":{"EditVivienda":{"title":"EditVivienda","required":["titulo","descripcion","precio","direccion","latitude","longitude"],"type":"object","properties":{"titulo":{"title":"Titulo","type":"string"},"descripcion":{"title":"Descripcion","type":"string"},"precio":{"title":"Precio","exclusiveMinimum":0.0,"type":"number"},"direccion":{"title":"Direccion","type":"string"},"latitude":{"title":"Latitude","type":"number"},"longitude":{"title":"Longitude","type":"number"},"images":{"title":"Images","type":"array","items":{"type":"string"}}}},"HTTPValidationError":{"title":"HTTPValidationError","type":"object","properties":{"detail":{"title":"Detail","type":"array","items":{"$ref":"#/components/schemas/ValidationError"}}}},"NewVivienda":{"title":"NewVivienda","required":["titulo","descripcion","user","precio","direccion","latitude","longitude"],"type":"object","properties":{"titulo":{"title":"Titulo","type":"string"},"descripcion":{"title":"Descripcion","type":"string"},"user":{"title":"User","type":"string"},"precio":{"title":"Precio","type":"number"},"direccion":{"title":"Direccion","type":"string"},"latitude":{"title":"Latitude","type":"number"},"longitude":{"title":"Longitude","type":"number"},"images":{"title":"Images","type":"array","items":{"type":"string"}}}},"ValidationError":{"title":"ValidationError","required":["loc","msg","type"],"type":"object","properties":{"loc":{"title":"Location","type":"array","items":{"anyOf":[{"type":"string"},{"type":"integer"}]}},"msg":{"title":"Message","type":"string"},"type":{"title":"Error Type","type":"string"}}},"Vivienda":{"title":"Vivienda","required":["user","titulo","descripcion","precio","direccion","latitude","longitude"],"type":"object","properties":{"_id":{"title":" Id","type":"string"},"user":{"title":"User","type":"string"},"titulo":{"title":"Titulo","type":"string"},"descripcion":{"title":"Descripcion","type":"string"},"precio":{"title":"Precio","type":"number"},"direccion":{"title":"Direccion","type":"string"},"latitude":{"title":"Latitude","type":"number"},"longitude":{"title":"Longitude","type":"number"},"images":{"title":"Images","type":"array","items":{"type":"string"}}}}},"securitySchemes":{"HTTPBearer":{"type":"http","scheme":"bearer"}}}}